{"cameraMode":{"drawMode":0,"name":"Shaded","section":"Shading Mode"},"sceneLighting":true,"audioPlay":false,"sceneViewState":{"m_AlwaysRefresh":false,"showFog":true,"showSkybox":true,"showFlares":true,"showImageEffects":true,"showParticleSystems":true,"showVisualEffectGraphs":true,"m_FxEnabled":false},"in2DMode":false,"pivot":{"x":-21.94892692565918,"y":16.303482055664064,"z":-0.8589859008789063},"rotation":{"x":0.08688369393348694,"y":-0.011953499168157578,"z":0.0010431993287056685,"w":0.9961398243904114},"size":22.29483413696289,"orthographic":false}