{"cameraMode":{"drawMode":0,"name":"Shaded","section":"Shading Mode"},"sceneLighting":true,"audioPlay":false,"sceneViewState":{"m_AlwaysRefresh":false,"showFog":true,"showSkybox":true,"showFlares":true,"showImageEffects":true,"showParticleSystems":true,"showVisualEffectGraphs":true,"m_FxEnabled":false},"in2DMode":false,"pivot":{"x":14.370956420898438,"y":27.32232666015625,"z":11.227916717529297},"rotation":{"x":0.21267130970954896,"y":0.04102587327361107,"z":-0.008942171931266785,"w":0.9762171506881714},"size":66.95278930664063,"orthographic":false}