{"cameraMode":{"drawMode":0,"name":"Shaded","section":"Shading Mode"},"sceneLighting":true,"audioPlay":false,"sceneViewState":{"m_AlwaysRefresh":false,"showFog":true,"showSkybox":true,"showFlares":true,"showImageEffects":true,"showParticleSystems":true,"showVisualEffectGraphs":true,"m_FxEnabled":false},"in2DMode":false,"pivot":{"x":-35.905845642089847,"y":75.44391632080078,"z":-112.73153686523438},"rotation":{"x":0.17459730803966523,"y":-0.0059080845676362518,"z":0.00104110362008214,"w":0.9846158623695374},"size":11.140679359436036,"orthographic":false}