{"cameraMode":{"drawMode":0,"name":"Shaded","section":"Shading Mode"},"sceneLighting":true,"audioPlay":false,"sceneViewState":{"m_AlwaysRefresh":false,"showFog":true,"showSkybox":true,"showFlares":true,"showImageEffects":true,"showParticleSystems":true,"showVisualEffectGraphs":true,"m_FxEnabled":false},"in2DMode":false,"pivot":{"x":7.929950714111328,"y":16.620119094848634,"z":1.1768798828125},"rotation":{"x":0.08688369393348694,"y":-0.011953499168157578,"z":0.0010431993287056685,"w":0.9961398243904114},"size":73.31547546386719,"orthographic":false}