{"cameraMode":{"drawMode":0,"name":"Shaded","section":"Shading Mode"},"sceneLighting":true,"audioPlay":false,"sceneViewState":{"m_AlwaysRefresh":false,"showFog":true,"showSkybox":true,"showFlares":true,"showImageEffects":true,"showParticleSystems":true,"showVisualEffectGraphs":true,"m_FxEnabled":false},"in2DMode":false,"pivot":{"x":-39.28700637817383,"y":1.6466317176818848,"z":-0.5110616683959961},"rotation":{"x":0.3333856463432312,"y":0.055110469460487369,"z":-0.019526170566678048,"w":0.9409700632095337},"size":13.727208137512207,"orthographic":false}