{"cameraMode":{"drawMode":0,"name":"Shaded","section":"Shading Mode"},"sceneLighting":true,"audioPlay":false,"sceneViewState":{"m_AlwaysRefresh":false,"showFog":true,"showSkybox":true,"showFlares":true,"showImageEffects":true,"showParticleSystems":true,"showVisualEffectGraphs":true,"m_FxEnabled":false},"in2DMode":false,"pivot":{"x":-37.58149719238281,"y":2.8491158485412599,"z":0.003499627113342285},"rotation":{"x":0.08688369393348694,"y":-0.011953499168157578,"z":0.0010431993287056685,"w":0.9961398243904114},"size":2.6953952312469484,"orthographic":false}